Name,Number
"10, Celanese",10
104 - Foss MFG,104
"116, Layn USA",116
"119, Camsal Enterprises",119
"12, Omnova Solutions Inc. (C)",12
"120, Designer Pet Products",120
"123, PetRageous Designs",123
"13, Omnova Solutions Inc. (A)",13
136 Glory Wisdom,136
"137, NVMK Sales",137
"139, Nutraland USA",139
"14, Omnova Solutions Inc. (J)",14
"143, Barentz",143
"170, Pacific Crest Trading Group",170
179 - Chemtec,179
181 - Complete Sourcing Solutions,181
184 - Worlee NaturProdukte,184
189 - St. Charles Trading,189
195 - Casa De Mesquite,195
197 - Karen Pearse,197
205 - Pacific Shaving,205
209 - NutraChem,209
223 Distrilogik US Ltd,223
233 Firsd Tea North America LLC,233
242 MASTER VENTURE INC.,242
244 Doyle Farris,244
249 Centrix,249
257 Art of Tea,257
269 Nassimi,269
273 LZ Selloff,273
292 Bioriginal,292
295 SiLeather,295
301 GRANADA TILE,301
302 Huisong,302
307 Merritt,307
313 Logo Brand DSG,313
314 Liquid Death,314
317 Pair,317
322 Teco Irrigation USA,322
323 Amazon Health Products,323
324 Barrington Nutritionals,324
325 TR Nutritionals,325
400 Joseph Joseph,400
402 Paragon Chinasia,402
403 Modern Gourmet Foods,403
404 CustomFab USA,404
406 Access Business Group LLC,406
409 WTW Inc,409
"41, Keyston Bros.",41
410 Prinova,410
411 Maveric Medical,411
412 Shugar Soapworks,412
413 UPPER CRUST,413
415 Textiles For You,415
416 Imerys,416
417 Ruroc,417
424 - Body Armor,424
425 Lucky Zone WM,425
426-Tractor Beverages,426
428 Ten Acre Gifts,428
"45, Sensus America",45
"53, Harten Corporation",53
"58, Leather Trends, Inc.",58
"60, Loyalty Chemical",60
66 Katzkin,66
"67, Quality Thread",67
"72, Crossroad Ingredients",72
"73, Spradling International Inc",73
"76, Divi's Laboratories, Ltd. USA Inc.",76
"86, Morbern",86
"87, Martin Bauer",87
"88, Clareo International",88
"91, BenchMaster Furniture",91
98 - CGPC America Corporation,98
"99, Azile LLC",99
Mayborn,261
Omya Specialty Materials Inc.,46
Unicargo,430
